"","Cluster"
"TTTACGAAGCACAGCC-1_2","observed"
"AATTGCCAGTTCCCGT-1_2","observed"
"AGGTGAGGTGCTGGTG-1_2","observed"
"AGTACGCGTGGTTAGC-1_2","observed"
"CAACCCTTCCAGCACA-1_2","observed"
"GAAACTGAGTGAGGGT-1_2","observed"
"GCTGGATGTTCGCTTG-1_2","observed"
"GCTGTAAGTAAATTGC-1_2","observed"
"GTATTGTCAAGGCCAA-1_2","observed"
"GTGCGCAGTTGTCATC-1_2","observed"
"TGAAGTGAGGGTTATC-1_2","observed"
"TGATTCAAGGTCCTAG-1_2","observed"
"AAACCGAAGCTCCTAC-1_2","observed"
"AAAGCCGCACCAGGTT-1_2","observed"
"AAAGGAGCAGCTTAGC-1_2","observed"
"AAAGGTTAGCTCAATA-1_2","observed"
"AAATGGCCAGTGAACG-1_2","observed"
"AACCTCACAGTATGTT-1_2","observed"
"AACTAGTGTCCTCCAA-1_2","observed"
"AACTCACAGTAACTCA-1_2","observed"
"AAGCGAATCGTTAGTA-1_2","observed"
"AATAACCGTCCGGTTC-1_2","observed"
"AATCTCAAGGTCAAAG-1_2","observed"
"AATCTTGAGGTGTTAC-1_2","observed"
"AATTCGTCAATAACCT-1_2","observed"
"AATTTGGTCTGCAAGT-1_2","observed"
"ACAAAGGTCAACAAGG-1_2","observed"
"ACAACAGAGCAAGGAC-1_2","observed"
"ACCACACCATTGCGTA-1_2","observed"
"ACCAGCTCATTTAAGC-1_2","observed"
"ACCCGTAAGTCAGGCC-1_2","observed"
"ACCTTGTGTTTAACGG-1_2","observed"
"ACGAAGTCAGCAGGTA-1_2","observed"
"ACTAACCAGGTCCGTA-1_2","observed"
"ACTCCTCAGGACCGCT-1_2","observed"
"ACTTATGAGGCTGGCT-1_2","observed"
"AGATGCTTCATTGTTC-1_2","observed"
"AGGTCATTCATAACCA-1_2","observed"
"AGGTTAGAGAAGGTGC-1_2","observed"
"AGTAACCTCGCATTAA-1_2","observed"
"AGTCAATGTGCATCGG-1_2","observed"
"AGTGCCGGTTAGGCTA-1_2","observed"
"ATAGCATGTGGGTGAA-1_2","observed"
"ATCCGTGAGCCTAATA-1_2","observed"
"ATGGTGCGTCAATAGT-1_2","observed"
"ATTGTGATCATAACCA-1_2","observed"
"CAACCCGCACCCACCT-1_2","observed"
"CAAGGTTTCCTCCTAA-1_2","observed"
"CAATAAGCAGTTATCG-1_2","observed"
"CAATATGTCTAACTGA-1_2","observed"
"CAATGACTCCTCAGCT-1_2","observed"
"CACATACAGTTTCCTG-1_2","observed"
"CACCGGTAGTTGGGCC-1_2","observed"
"CAGCATGTCAGGATGA-1_2","observed"
"CAGCCTAAGTAGCTTA-1_2","observed"
"CATAGCTAGGCTAATC-1_2","observed"
"CATCCTGGTGCACGCA-1_2","observed"
"CATTATCTCGCTAGTG-1_2","observed"
"CATTTGTTCCATAATG-1_2","observed"
"CCCAAATAGGGCCACT-1_2","observed"
"CCGTTAACACTTACAG-1_2","observed"
"CCTATTGTCCTGTTCA-1_2","observed"
"CCTTCAATCAAGGACA-1_2","observed"
"CGAGCTGGTCATCAAG-1_2","observed"
"CGAGGCAAGCACTAGT-1_2","observed"
"CGCAATTAGCTGTCAG-1_2","observed"
"CGCATTACAATTAAGG-1_2","observed"
"CGCTTGCGTGATGGCT-1_2","observed"
"CGGGACAAGCCGCAGT-1_2","observed"
"CGGTTGGGTCCTAATC-1_2","observed"
"CGTAACCCACAATACT-1_2","observed"
"CGTCAATAGTAGCGGG-1_2","observed"
"CTAATCCGTAATTAGC-1_2","observed"
"CTAGGACGTTAATGCG-1_2","observed"
"CTAGTCGAGGACACTT-1_2","observed"
"CTAGTGAGTCATTGTC-1_2","observed"
"CTAGTGAGTTCACCCA-1_2","observed"
"CTCATTTAGTGAGGTA-1_2","observed"
"CTCCCTGAGGACGTAA-1_2","observed"
"CTCCGTCCAGGTTCAC-1_2","observed"
"CTCTCACAGCTCCTAC-1_2","observed"
"CTTGCAACAGTTAAAG-1_2","observed"
"CTTTGAGCAGGCATCT-1_2","observed"
"GAAAGGCTCTACTAAG-1_2","observed"
"GAACCAAAGAAGGTGC-1_2","observed"
"GAAGCTAAGTAAGTGG-1_2","observed"
"GAGTCAAAGCATGGTT-1_2","observed"
"GAGTGAGGTTCATTTG-1_2","observed"
"GATCAAGAGTGAAGTG-1_2","observed"
"GATCAGTTCTTTGAGA-1_2","observed"
"GATCCGTCAGGCTTGT-1_2","observed"
"GATGACTTCAACAAGG-1_2","observed"
"GATTAGCTCGCTAAGT-1_2","observed"
"GATTAGTGTTTGGTTC-1_2","observed"
"GATTTGCAGCCGCAAC-1_2","observed"
"GCAATCTAGGCCCAGT-1_2","observed"
"GCAGCAACATGAGTTT-1_2","observed"
"GCCCAAATCCTTGAGG-1_2","observed"
"GCGATTTAGGAAGCTA-1_2","observed"
"GCGCTAGGTAGGTTGC-1_2","observed"
"AAATGCCTCAGGGCCT-1_2","observed"
"AACAGCAAGCAAGGAC-1_2","observed"
"AACATCATCGGTACGC-1_2","observed"
"AACCCGCAGGTACCGC-1_2","observed"
"AACTTAGTCCACCCTG-1_2","observed"
"AAGTGTTGTCAATACG-1_2","observed"
"AAGTTTGTCTTGATGA-1_2","observed"
"AATCCCTGTAATGGCC-1_2","observed"
"AATTAGCGTACGCGCA-1_2","observed"
"AATTGACGTTTACCGT-1_2","observed"
"AATTGCTCAAGCTTTG-1_2","observed"
"AATTGGGAGTTTAACG-1_2","observed"
"ACACCTTGTGCATTTC-1_2","observed"
"ACACTTGCATGCATAT-1_2","observed"
"ACCAATATCATAACCA-1_2","observed"
"ACCATTAAGCAAGGGT-1_2","observed"
"ACCCGGTAGTCGCTAG-1_2","observed"
"ACCCGTAAGGTCCAAT-1_2","observed"
"ACCGGCTAGCTGAGGG-1_2","observed"
"ACCTAAGGTTTATTCG-1_2","observed"
"ACCTTCATCGTTAGCG-1_2","observed"
"ACGAAGTCAGCTCAAC-1_2","observed"
"ACGACAAAGTAGCGCC-1_2","observed"
"ACGACAAAGTCAATCA-1_2","observed"
"ACGGGAAGTTACAAAC-1_2","observed"
"ACGGTACGTACTGAAT-1_2","observed"
"ACGGTACGTTTATCGC-1_2","observed"
"ACGTCCTTCAATCATG-1_2","observed"
"ACTAACTCAGAATGAC-1_2","observed"
"ACTAACTCATAGGCGA-1_2","observed"
"ACTAATCCACTAGGTC-1_2","observed"
"ACTTGCACATTAAACC-1_2","observed"
"ACTTGTCGTAACTACG-1_2","observed"
"ACTTTGTTCGGTAACT-1_2","observed"
"AGAATCGAGCTTTGGG-1_2","observed"
"AGATGAAGTTTAGCTC-1_2","observed"
"AGCAAATAGAGGAGTC-1_2","observed"
"AGCAACAAGTTTCCGC-1_2","observed"
"AGCAATACATTAGGCC-1_2","observed"
"AGCAGGTAGGTTTGCG-1_2","observed"
"AGCCTAAGTGTTTGAG-1_2","observed"
"AGCGCCTAGGTTACGT-1_2","observed"
"AGCTACGTCTAAGTGC-1_2","observed"
"AGGATCCGTTATAGCG-1_2","observed"
"AGGCAATCACGTTACA-1_2","observed"
"AGGCGGATCCGCAACA-1_2","observed"
"AGGGCTACAGGATGGC-1_2","observed"
"AGGGTTGCAGGTTAAA-1_2","observed"
"AGGTATTGTATACTGG-1_2","observed"
"AGGTCAAAGCTGCACA-1_2","observed"
"AGTAGGATCTATTGTC-1_2","observed"
"AGTATAGCAAGTAAGC-1_2","observed"
"AGTATAGCACTGGCCA-1_2","observed"
"AGTGAACCAGATTCAT-1_2","observed"
"AGTGCACGTAACAGGG-1_2","observed"
"AGTGGACAGGTACCGC-1_2","observed"
"ATACCTGCAGTACCGT-1_2","observed"
"ATAGATGCAACTAACT-1_2","observed"
"ATATAGGCAAGTTATC-1_2","observed"
"ATCCAACAGTTTGCGG-1_2","observed"
"ATCCGTGAGCTAATTG-1_2","observed"
"ATCGAGGCACCAGCAT-1_2","observed"
"ATCGGCCAGGCACAGG-1_2","observed"
"ATGCAAACAATCATGT-1_2","observed"
"ATGCATTCAGCACCAT-1_2","observed"
"ATGGCTTAGGCCATCA-1_2","observed"
"ATGTGAGAGGGCTTAT-1_2","observed"
"ATTAACCCAAGGTGGC-1_2","observed"
"ATTCCGGAGTTACCGG-1_2","observed"
"ATTGCACAGGCTACTG-1_2","observed"
"ATTGCTCGTCTTGCAT-1_2","observed"
"ATTGTGATCAGCTAAC-1_2","observed"
"CAAAGCGCACTGACCG-1_2","observed"
"CAAAGCGCATCCGTAA-1_2","observed"
"CAACAATGTGGATTCA-1_2","observed"
"CAAGGCCTCTCAATTC-1_2","observed"
"CAAGTAACATGTTGTG-1_2","observed"
"CAATCCTGTTTGAGGC-1_2","observed"
"CAATCTAAGACACTTA-1_2","observed"
"CACATTAAGCTCCCTG-1_2","observed"
"CAGATTCAGTAGCCAT-1_2","observed"
"CAGCCAATCTGCAAAC-1_2","observed"
"CAGGACACACTCGCTC-1_2","observed"
"CAGGATGCAGCAAGGC-1_2","observed"
"CATAGGTTCAGTGAAG-1_2","observed"
"CATAGGTTCCGCAAGC-1_2","observed"
"CATCAATCAAGCTTAT-1_2","observed"
"CATCAATCACAACAAA-1_2","observed"
"CATCATGCACTTCATC-1_2","observed"
"CATCCTCAGCATTATG-1_2","observed"
"CATTCATTCTCAATTC-1_2","observed"
"CCAAACCCATGCTATG-1_2","observed"
"CCAACCAAGGCGCTTA-1_2","observed"
"CCATCATGTAAACAAG-1_2","observed"
"CCCAAACCAGCACCAT-1_2","observed"
"CCCAGCACACAACAGG-1_2","observed"
"CCGCACACAGCAACCT-1_2","observed"
"CCTGTAACAAGCTACC-1_2","observed"
"CCTTCGTAGGCCTTAG-1_2","observed"
"CGAACAAAGGGTGGAT-1_2","observed"
"AAGCGTTTCCTTAGTT-1_2","observed"
"ATGGCTTAGGTCATTA-1_2","observed"
"CGGATTAGTGGATTAT-1_2","observed"
"CTTAACAAGATGGAGC-1_2","observed"
"GAGTGTTTCATGCTTT-1_2","observed"
"GCCAATAGTGCATTTC-1_2","observed"
"TACTTCGTCCCGTTTA-1_2","observed"
"ACCCTCCCAACACCTA-1_2","observed"
"CGGTTGGGTACTGATG-1_2","observed"
"CCTTAACGTTACTTCA-1_2","observed"
"AAACCAACAGGCCAAA-1_2","observed"
"AAAGGCTCAATAGCCC-1_2","observed"
"AAATGGCCATACTCCT-1_2","observed"
"AACCTAATCCCTCGCA-1_2","observed"
"AAGACAAGTACTTAGG-1_2","observed"
"AATCATCCAGGCAAGC-1_2","observed"
"AATCCCTGTTAGCCAA-1_2","observed"
"ACACTAATCGCTTGCT-1_2","observed"
"ACACTTGCACCTCACC-1_2","observed"
"ACCAAGCGTCCTTCAG-1_2","observed"
"ACCAAGTTCCCATAAA-1_2","observed"
"ACCAGCTCAAGGGTTG-1_2","observed"
"ACCAGCTCATATTGAC-1_2","observed"
"ACCCAACCAGTTATGT-1_2","observed"
"ACCTGGTCAAGGTGCA-1_2","observed"
"ACGCACGGTTCCAGGG-1_2","observed"
"ACGTTACAGTTAGCCG-1_2","observed"
"ACTCCTCAGAGGAGGA-1_2","observed"
"ACTCGCTTCGTTTCTG-1_2","observed"
"ACTTAGGGTTATCCTA-1_2","observed"
"ACTTATCTCAACAAGG-1_2","observed"
"AGAAAGGCACTTAACG-1_2","observed"
"AGACACGCATCAGCAC-1_2","observed"
"AGATGAAGTTACTTGC-1_2","observed"
"AGCAGGTAGCGCCTTT-1_2","observed"
"AGCGCCTAGCAGGCCT-1_2","observed"
"AGCGTGCTCTTAGCCC-1_2","observed"
"AGGATGCAGGGTTAGA-1_2","observed"
"AGGTAACCAATTAAGG-1_2","observed"
"AGGTGAGGTTTGGGCG-1_2","observed"
"AGTAACCTCTAATTGG-1_2","observed"
"AGTAATGCATAAGTCT-1_2","observed"
"AGTCTTGCAGTCTAAT-1_2","observed"
"AGTTTGATCAAGCCTG-1_2","observed"
"ATATGCATCATTAGTG-1_2","observed"
"ATATGCTCAAGGATTA-1_2","observed"
"ATCCCGCGTCATTGAG-1_2","observed"
"ATCCTCATCAATGTGC-1_2","observed"
"ATGAAGCCAGTAATAG-1_2","observed"
"ATGGCTTAGCTCATAA-1_2","observed"
"ATGGCTTAGTGAACAG-1_2","observed"
"ATGTTCAAGCGGATAA-1_2","observed"
"ATTAGCGGTCAAAGAA-1_2","observed"
"ATTAGTCCACAATGCC-1_2","observed"
"ATTATGGTCGACAAAG-1_2","observed"
"ATTCCTCCAGTGAACG-1_2","observed"
"ATTTGCGCACAACCTA-1_2","observed"
"ATTTGTGAGCTTGCTC-1_2","observed"
"CAAACGCGTAATCCCT-1_2","observed"
"CAAACGCGTGTTGCTT-1_2","observed"
"CAAAGCGCATAGACTT-1_2","observed"
"CAACTAATCTAGCGTG-1_2","observed"
"CACAGGGAGCCGCAAC-1_2","observed"
"CACGCAATCGCTATAA-1_2","observed"
"CAGCATGTCATCCTAT-1_2","observed"
"CAGCATTAGACAGGTA-1_2","observed"
"CAGCCTAAGCTTAGCG-1_2","observed"
"CAGGCTATCGAGGAGT-1_2","observed"
"CAGGGCTTCTCTAGCC-1_2","observed"
"CAGGTGGAGTAGGATG-1_2","observed"
"CAGTACCCAACAGCCT-1_2","observed"
"CATAGGCGTGTTTGCT-1_2","observed"
"CATCACACAAGGTGCA-1_2","observed"
"CATGCGCAGCACCACA-1_2","observed"
"CCGCAAATCCTAAGAC-1_2","observed"
"CCGCTAAAGTCAGTAC-1_2","observed"
"CCGTGCTGTTGTGACA-1_2","observed"
"CCTAAAGGTTAGAGGG-1_2","observed"
"CCTTAACGTTAGGCGT-1_2","observed"
"CCTTCAGGTGAGCGAA-1_2","observed"
"CGACAAGCACAGGATG-1_2","observed"
"CGAGGCAAGCAAGACA-1_2","observed"
"CGATCCTTCATTGCGG-1_2","observed"
"CGCACAATCCTCCTAA-1_2","observed"
"CGCCAAATCAGCTAAC-1_2","observed"
"CGCTACTTCGCTAAAC-1_2","observed"
"CGCTCCATCACAGCCA-1_2","observed"
"CGCTTGCGTCATTAGG-1_2","observed"
"CGGCTCACACAAGCCT-1_2","observed"
"CGGGTATGTTTAACCC-1_2","observed"
"CGGTGAACATAGCTGC-1_2","observed"
"CGGTTTGAGGAAGCAC-1_2","observed"
"CGTTAAATCATTAGTG-1_2","observed"
"CGTTGCAAGCTGCACA-1_2","observed"
"CTATGATCACGGTACT-1_2","observed"
"CTATGTTTCCAAGTTA-1_2","observed"
"CTATTACTCCAGGTCA-1_2","observed"
"CTCTAGCTCTAGCGTG-1_2","observed"
"CTCTAGCTCTTAAGTG-1_2","observed"
"CTGCAATAGTGAACAG-1_2","observed"
"AATTACCCAAGGAATC-1_2","observed"
"AGAGAAGCAATTTGGT-1_2","observed"
"ATTCATGAGACTCGCA-1_2","observed"
"CATAGACTCATGAGCT-1_2","observed"
"CGCAATGTCCTAAGGT-1_2","observed"
"CGCGGATTCGTCAAGT-1_2","observed"
"CGGCTCACAAACGCGA-1_2","observed"
"AGCCTCCGTTAGCAGC-1_2","observed"
"AGTGCACGTTTCCTCC-1_2","observed"
"ATGTCATCAAGGATTA-1_2","observed"
"CAGGCTATCTGTAAGC-1_2","observed"
"CCCGTTGTCAAGCTAC-1_2","observed"
"CGATCCTTCCTAGTAA-1_2","observed"
"CGGGACAAGTGAGGGT-1_2","observed"
"CTTGAATCAGCTTAAT-1_2","observed"
"GAGCTAGCAGGCTACT-1_2","observed"
"GAGGTAGGTAATCACG-1_2","observed"
"GCAGCTATCAGGCCTA-1_2","observed"
"GGGAATATCAGGTCCA-1_2","observed"
"GTTACAGGTTAAGCCA-1_2","observed"
"TAATCACCAACAGGAT-1_2","observed"
"TCAAGAACACTATGGC-1_2","observed"
"TCAAGTATCAACCAAC-1_2","observed"
"TCTCAATTCCCGTTGT-1_2","observed"
"TGCATCCTCATAATCG-1_2","observed"
"TTGCAAGGTGATGGCT-1_2","observed"
"CTCAGGATCCCGAAGC-1_2","observed"
"CGCGGATTCCTGAATA-1_2","observed"
"GGGATTAAGGGTCTAT-1_2","observed"
"ATTGTCCGTGGGTGAA-1_2","observed"
"GCCAATTAGTCACTAA-1_2","observed"
"CCTAAGTAGTCATGCG-1_2","observed"
"CTCTATGTCCATAAGC-1_2","observed"
"GCATCCTTCTGGCATG-1_2","observed"
"GGCAATCGTGAGGTGA-1_2","observed"
"GTTACGTAGTGTGATC-1_2","observed"
"GACCTAAGTTCATCTA-1_2","observed"
"GCCACTAAGGTTTGCG-1_2","observed"
"AATAACCGTCCTAACT-1_2","observed"
"AGGTCCGGTCCCGGAA-1_2","observed"
"CCCTCAGTCTAACCAA-1_2","observed"
"CGGATTAGTTTGCGCC-1_2","observed"
"GTCGGTTCAACCGCCA-1_2","observed"
"TGAGGGAGTGTCCAAA-1_2","observed"
"CGCATGATCGCACAAT-1_2","observed"
"AAGCCTCCAGTCTAGC-1_2","observed"
"CAGCTCAAGTTCCCAC-1_2","observed"
"CTAACCTGTTAAGCGC-1_2","observed"
"GTAATAGCAGCCTGCA-1_2","observed"
"TTCATTCAGGGATGAC-1_2","observed"
"AACCTTGCAACGTGCT-1_2","observed"
"AACGCTAGTTAGGCGT-1_2","observed"
"AAGAATCAGGCATGAA-1_2","observed"
"AAGCGAGGTCAGTAAT-1_2","observed"
"AAGCTATGTGATCAGC-1_2","observed"
"ACAACACTCGGTAACT-1_2","observed"
"ACACTTAAGAGAAGGG-1_2","observed"
"ACAGCGCTCTTGCATT-1_2","observed"
"ACATTAGTCCTACCTA-1_2","observed"
"ACGTCCTTCCTTAAGA-1_2","observed"
"AGAGGATGTTCGCTTG-1_2","observed"
"AGCAAGGGTGATGATT-1_2","observed"
"AGCAATTGTGACATGC-1_2","observed"
"AGGAACCAGTGTTGCG-1_2","observed"
"AGGATTGAGTAGCCAT-1_2","observed"
"AGGTCTTAGCGGCTGT-1_2","observed"
"AGGTGAGGTTTAGCGA-1_2","observed"
"AGGTTACTCTCCTCAA-1_2","observed"
"AGTAACGAGTAAAGGT-1_2","observed"
"AGTACGCGTGTGAGAG-1_2","observed"
"ATAAGCCTCGCTTGCT-1_2","observed"
"ATATAGGCAGAACCGA-1_2","observed"
"ATATGCATCAAGGACA-1_2","observed"
"ATGATGGAGGTAAGGC-1_2","observed"
"ATGTTGTCATGCTTAG-1_2","observed"
"CAAGAACCATTGTGAT-1_2","observed"
"CAAGGTAAGTCTTGAA-1_2","observed"
"CAATGCCCACAATGCC-1_2","observed"
"CACGCAATCTTAGCGG-1_2","observed"
"CACGCTAAGGTTTGAC-1_2","observed"
"CAGGGCTTCTTACTCG-1_2","observed"
"CATCCTCAGCCTGATG-1_2","observed"
"CATGCATAGCGATAGA-1_2","observed"
"CATTGTAAGGTGTTAC-1_2","observed"
"CATTGTGCAATATAGG-1_2","observed"
"CCAAATCAGCCTGTGA-1_2","observed"
"CCAACCCGTGTGTGGT-1_2","observed"
"CCACACAAGATAACCC-1_2","observed"
"CCATAATCAACTGGGA-1_2","observed"
"CCATTGTGTGCTCACC-1_2","observed"
"CCGCTAAAGGCTGTCA-1_2","observed"
"CCGTTTGGTTGGTGAC-1_2","observed"
"CCTGATGAGTAGGCGG-1_2","observed"
"CCTTACTCATCCTAGA-1_2","observed"
"CGATTGAGTTGGTGAC-1_2","observed"
"CTATTACTCGAGCTAT-1_2","observed"
"CTCCCTGAGCTTAGTA-1_2","observed"
"CTCCGTCCAACTAGCC-1_2","observed"
"CTCCTGAGTTACGCGG-1_2","observed"
"CTGGCTAAGCTGTACG-1_2","observed"
"ATCTATGAGCAACATC-1_1","reference"
"GAGTGATCATAGCGAG-1_1","reference"
"GCACATTAGGACTTAC-1_1","reference"
"GGAAGTATCACTAAGC-1_1","reference"
"TACTGACAGGCGCATC-1_1","reference"
"TTGTGCCTCGGGACTC-1_1","reference"
"TTTGTGTTCGTTAACA-1_1","reference"
"AATCTCAAGCCTGATG-1_2","reference"
"ATCCTGACATGTTTGG-1_2","reference"
"ATGCAAACAACTGGCT-1_2","reference"
"CCATCACTCGCTCCAT-1_2","reference"
"GAAGGAACATTTGCTC-1_2","reference"
"GTACGTAGTGAGCACT-1_2","reference"
"GTGCACGGTATTGAGT-1_2","reference"
"TAAGCCAGTGAGACTC-1_2","reference"
"TCCAGGATCGTTAGTA-1_2","reference"
"TGACTCCTCTAAGTCA-1_2","reference"
"TGACTTCGTATTTGCC-1_2","reference"
"TGGGCCTAGACAGGTA-1_2","reference"
"TTGACTAAGACACTTA-1_2","reference"
"TTGGATTCATTATGGT-1_2","reference"
"AAACGGATCGGTTAGT-1_1","reference"
"AAATGGCCAATTAGCT-1_1","reference"
"AACATTGTCCTTAAGA-1_1","reference"
"AAGACCAAGCAGCTCA-1_1","reference"
"AAGCTATGTCCGTAGG-1_1","reference"
"AAGCTCCCACGTTACA-1_1","reference"
"AAGGTGCAGGAACCAA-1_1","reference"
"AAGTTTGTCACGCCAA-1_1","reference"
"AAGTTTGTCATTGTTC-1_1","reference"
"AATGAAGGTAGCAGCT-1_1","reference"
"AATTGCCAGCAACATC-1_1","reference"
"AATTGCTCAGGCAAGC-1_1","reference"
"AATTGGGAGGCGTAAA-1_1","reference"
"ACAAACTGTTAGGCTA-1_1","reference"
"ACCACATAGCACGTTG-1_1","reference"
"ACCAGGACAGCCAGAA-1_1","reference"
"ACCAGGCTCAGGCCTA-1_1","reference"
"ACCATTAAGTTAGCCG-1_1","reference"
"ACCCTGTTCACAAGCT-1_1","reference"
"ACGACTTAGTTAGACC-1_1","reference"
"ACGCCACAGCGCTAAT-1_1","reference"
"ACTAACGGTCCTAAGA-1_1","reference"
"ACTCAGTAGGAAGCAC-1_1","reference"
"ACTGAATGTGAGAAAC-1_1","reference"
"AGAAGGTGTGTGCACG-1_1","reference"
"AGACCCGGTTAAGCGC-1_1","reference"
"AGAGGAACAGGAACCA-1_1","reference"
"AGATGCTTCAGTTCCC-1_1","reference"
"AGATGCTTCTTGGACG-1_1","reference"
"AGCAACAAGCACCACA-1_1","reference"
"AGCATCCCAAACCCTA-1_1","reference"
"AGCTACTAGTCACCTC-1_1","reference"
"AGGAACCAGGAGTAAT-1_1","reference"
"AGGATGCAGTTAGTTG-1_1","reference"
"AGGCAGGTCAAATCGC-1_1","reference"
"AGGCAGGTCATGGTGT-1_1","reference"
"AGGTAACCAATATACC-1_1","reference"
"AGGTGAGGTACCGTTT-1_1","reference"
"AGGTGAGGTGCTCACC-1_1","reference"
"AGGTTAGAGGAACGGT-1_1","reference"
"AGGTTTATCCATCAGG-1_1","reference"
"AGGTTTGGTGATGAAA-1_1","reference"
"AGTCGCATCATCCACC-1_1","reference"
"AGTGCGGAGAGAGGCT-1_1","reference"
"AGTTGGCGTGGATTAT-1_1","reference"
"ATAATGGCAGCCAGTT-1_1","reference"
"ATACCGGTCGCTAGAT-1_1","reference"
"ATACCGGTCGCTTGCT-1_1","reference"
"ATATGGTGTACTGATG-1_1","reference"
"ATCAGGTTCGCGCTAA-1_1","reference"
"ATCGGCCAGTTCCCAC-1_1","reference"
"ATGACCAGTTACATCC-1_1","reference"
"ATGGTCTAGGCCGGAA-1_1","reference"
"ATGTTCAAGTCATGCG-1_1","reference"
"ATTACGTCAATTAGGA-1_1","reference"
"ATTCCTCCAGTGAACG-1_1","reference"
"ATTCCTCCATGTTTGG-1_1","reference"
"ATTCGTTTCGAGGAGT-1_1","reference"
"ATTTAGGTCAGCATTA-1_1","reference"
"ATTTGCAAGGGCTTAT-1_1","reference"
"CAAACGCGTGAGACTC-1_1","reference"
"CAAACTGGTTCCGGCT-1_1","reference"
"CAAAGGATCGTTCACC-1_1","reference"
"CAACTAATCTTAGTCT-1_1","reference"
"CAAGGCTGTTGGATCA-1_1","reference"
"CACATTAAGAACCTGT-1_1","reference"
"CAGCCAATCAAACCTA-1_1","reference"
"CAGCTATAGTCACCAG-1_1","reference"
"CATAGGCGTGTCCTGC-1_1","reference"
"CATCACACATGGAGGC-1_1","reference"
"CATGAGGCATATTGAC-1_1","reference"
"CATGCAAGTTCCTGAT-1_1","reference"
"CATTCATTCCGCCTAT-1_1","reference"
"CATTGTAAGAAAGGAA-1_1","reference"
"CCAACATAGGCTGTCA-1_1","reference"
"CCAACCCGTTATCCGT-1_1","reference"
"CCAGACTCAATTAAGG-1_1","reference"
"CCAGACTCATGTTTGG-1_1","reference"
"CCCAACCGTACTGATG-1_1","reference"
"CCCAGCACAGTAAAGC-1_1","reference"
"CCCTCAGTCCTTCGTA-1_1","reference"
"CCGGTTAAGAACCTGT-1_1","reference"
"CCTCAGTTCATTACGA-1_1","reference"
"CCTTCGTAGAAAGCAT-1_1","reference"
"CCTTTAGTCTTAATGG-1_1","reference"
"CGAAATGAGGCGGATG-1_1","reference"
"CGAACCGGTTTATTCG-1_1","reference"
"CGAAGCCTCGATATTG-1_1","reference"
"CGAAGCGAGTTGTCTT-1_1","reference"
"CGCCACACATCAGTAT-1_1","reference"
"CGCGATTCACCTCAGG-1_1","reference"
"CGCTATGAGGTCTTGG-1_1","reference"
"CGGCTCACACGAATTT-1_1","reference"
"CGGCTCACAGATAGAC-1_1","reference"
"CGGCTCACAGTTATCG-1_1","reference"
"CGGTGAACAGTAAGTA-1_1","reference"
"CGGTTTGAGTTGTCCC-1_1","reference"
"CGTTAGGTCAGCAAGA-1_1","reference"
"CGTTAGGTCGCTCACT-1_1","reference"
"CGTTATCGTTAGGCGT-1_1","reference"
"AAACCAACAACTAACT-1_1","reference"
"AAAGCGGGTAAGCTTG-1_1","reference"
"AACAGATAGCAAGGGT-1_1","reference"
"AACCTTGCAACATAAG-1_1","reference"
"AACTCACAGCTGGACC-1_1","reference"
"AAGAATCAGCCTCTCG-1_1","reference"
"AAGCAAGTCGGTTCCT-1_1","reference"
"AAGCCTCCAAGTAAGC-1_1","reference"
"AAGCCTCCATCATGGC-1_1","reference"
"AAGCGTTTCTTTGTAC-1_1","reference"
"AAGCTAGAGCATGGTT-1_1","reference"
"AAGGTCAAGAGAGGAG-1_1","reference"
"AAGTGCAAGCTAAGTC-1_1","reference"
"AAGTTAGCAACTGGGA-1_1","reference"
"AAGTTAGCACAGGGAC-1_1","reference"
"AAGTTAGCAGACAAAC-1_1","reference"
"AATATCCCACCTCACC-1_1","reference"
"AATCCGTAGTCTCACC-1_1","reference"
"AATCGCCCAAAGCTCC-1_1","reference"
"AATGCAACACCTAAGC-1_1","reference"
"AATTAGGCATGAGTTT-1_1","reference"
"AATTGCTCATAACGGG-1_1","reference"
"AATTTCCTCTCATCAT-1_1","reference"
"ACACCTTGTGATGGCT-1_1","reference"
"ACATAGCTCGTTATCT-1_1","reference"
"ACATCAATCTGGCATG-1_1","reference"
"ACATTAGTCATAATCG-1_1","reference"
"ACATTAGTCTGGCAAT-1_1","reference"
"ACATTGCAGCAGGCCT-1_1","reference"
"ACCACATAGACTTACA-1_1","reference"
"ACCCAACCACATAGCC-1_1","reference"
"ACCCAGGGTGATGAAA-1_1","reference"
"ACCCAGGGTTGCGGAT-1_1","reference"
"ACCGAAGCAAAGCTCC-1_1","reference"
"ACCTAAATCAAGGACA-1_1","reference"
"ACCTAAGGTTTATCTG-1_1","reference"
"ACCTGGTCACCAGCAT-1_1","reference"
"ACCTGTTGTAGTTAAC-1_1","reference"
"ACCTGTTGTGATCAGC-1_1","reference"
"ACCTTCATCCCGAACA-1_1","reference"
"ACCTTGTGTTAACAGT-1_1","reference"
"ACGACTTAGAGGAGTC-1_1","reference"
"ACGCAAGCACTAAATC-1_1","reference"
"ACGCTTGAGGCTACTG-1_1","reference"
"ACGGTTAGTCCGTAGG-1_1","reference"
"ACGTACCCATTGTCCT-1_1","reference"
"ACTAACCAGGTTTACA-1_1","reference"
"ACTAACTCATCATGTG-1_1","reference"
"ACTATGTCACTATGGC-1_1","reference"
"ACTCGCGCAACTAGCC-1_1","reference"
"ACTTACTTCATAAGCC-1_1","reference"
"AGAAAGGCAACTAGCC-1_1","reference"
"AGATGCTTCATGAGCT-1_1","reference"
"AGCATCCCAATAACCT-1_1","reference"
"AGCATTTCAATTAGGA-1_1","reference"
"AGCGCCTAGCTGGCTA-1_1","reference"
"AGCTTAATCCTAAGAC-1_1","reference"
"AGCTTCCTCTCACTAT-1_1","reference"
"AGGAAACGTAATCGTG-1_1","reference"
"AGGAAACGTTGAAGCC-1_1","reference"
"AGGAACCAGGTGAGAC-1_1","reference"
"AGGAACGGTTAATGAC-1_1","reference"
"AGGAACGGTTGGCCGA-1_1","reference"
"AGGACTAAGCAAACCT-1_1","reference"
"AGGACTAAGTAACCCG-1_1","reference"
"AGGATTGAGCATGTTA-1_1","reference"
"AGGCTAGCACAATGTT-1_1","reference"
"AGGTCAAAGCTGTAAC-1_1","reference"
"AGGTTGCGTCCAAATG-1_1","reference"
"AGGTTTATCTACCTGC-1_1","reference"
"AGTAAACAGGACAATG-1_1","reference"
"AGTCTTGCACATAACT-1_1","reference"
"AGTGATGAGCTATGAC-1_1","reference"
"AGTGCCGGTTACTTCA-1_1","reference"
"AGTGGACAGCTCGCTT-1_1","reference"
"AGTTACTCAGTAGCCT-1_1","reference"
"AGTTGTCAGCGGATTT-1_1","reference"
"AGTTTGCAGCAGCTAT-1_1","reference"
"ATAACGACACTAAGTT-1_1","reference"
"ATAACGACAGCAACCT-1_1","reference"
"ATAATGGCACCAGGTT-1_1","reference"
"ATACCTGCAATCATGT-1_1","reference"
"ATAGATGCATGACTAT-1_1","reference"
"ATATGGTGTTAGGCGT-1_1","reference"
"ATCAAGACAAGGGTTG-1_1","reference"
"ATCACACAGGTCCGTA-1_1","reference"
"ATCACCCTCTAACCAA-1_1","reference"
"ATCAGGTTCTCACATT-1_1","reference"
"ATCGGCCAGGCCTAAT-1_1","reference"
"ATGATGGAGCTGTAAC-1_1","reference"
"ATGCAGGCATCATGTG-1_1","reference"
"ATGGACAAGCGAAGTA-1_1","reference"
"ATGGCCCAGACCATAC-1_1","reference"
"ATGGCCGGTCCTAATC-1_1","reference"
"ATTACTGAGTCCTGAG-1_1","reference"
"ATTAGTCCATTAAGCT-1_1","reference"
"ATTCAACCACTTCACT-1_1","reference"
"ATTCAACCATGTCAAT-1_1","reference"
"ATTCACTTCCGCACAA-1_1","reference"
"ATTCGTTTCCAGCACA-1_1","reference"
